Rank,Domain,Banning Authority,Locale,Type of site,Subcategory,Date blocked
330,grammarly.com,Office of the Prosecutor General,United States,Digital Resistance,Ukraine Support Content,8/6/22
370,pixabay.com,Office of the Prosecutor General,United States,Digital Resistance,Ukraine Support Content,7/7/22
379,patreon.com,Office of the Prosecutor General,United States,Digital Resistance,Fundraising,8/6/22
1607,hostinger.com,Office of the Prosecutor General,Lithuania,Digital Resistance,Ukraine Support Content,4/20/22
2046,proton.me,Office of the Prosecutor General,Switzerland,Digital Resistance,Anti-censorship tools,7/28/22
2362,depositphotos.com,Office of the Prosecutor General,United States,Digital Resistance,Ukraine Support Content,6/7/22
3760,jooble.org,Office of the Prosecutor General,Ukraine,Digital Resistance,Ukraine Support Content,3/17/22
9583,riseup.net,Office of the Prosecutor General,International,Digital Resistance,Activism,3/27/22
14925,wikiart.org,Office of the Prosecutor General,United States,Digital Resistance,Ukraine Support Content,4/22/22
16066,kaleido.ai,Office of the Prosecutor General,Austria,Digital Resistance,Ukraine Support Content,7/13/22
18619,leafletjs.com,Office of the Prosecutor General,Ukraine,Digital Resistance,Ukraine Support Content,3/31/22
26798,mailtrap.io,Office of the Prosecutor General,United States,Digital Resistance,Ukraine Support Content,3/23/22
28647,letyshops.com,Office of the Prosecutor General,Hungary,Digital Resistance,Ukraine Support Content,5/14/22
33259,hostinger.ru,Office of the Prosecutor General,Lithuania,Digital Resistance,Ukraine Support Content,3/30/22
41961,hyperhost.ua,Office of the Prosecutor General,Ukraine,Digital Resistance,Ukraine Support Content,4/19/22
42414,tiu.ru,Office of the Prosecutor General,Russia,Digital Resistance,Ukraine Support Content,3/26/22
45496,me-qr.com,Office of the Prosecutor General,Ukraine,Digital Resistance,Ukraine Support Content,3/27/22
53026,rainviewer.com,Office of the Prosecutor General,Ukraine,Digital Resistance,Ukraine Support Content,3/16/22
58217,refactoring.guru,Office of the Prosecutor General,Ukraine,Digital Resistance,Ukraine Support Content,4/27/22
90251,bb4cd6.site,Office of the Prosecutor General,Ukraine,Digital Resistance,Counter-propaganda,5/7/22
92383,meteoprog.ua,Office of the Prosecutor General,Ukraine,Digital Resistance,Ukraine Support Content,2/27/22
94255,golden.com,Office of the Prosecutor General,United States,Digital Resistance,Research,3/17/22
125503,lankaweb.com,Office of the Prosecutor General,Sri Lanka,Digital Resistance,Critical Content,7/27/22
136217,kino-teatr.ua,Office of the Prosecutor General,Ukraine,Digital Resistance,Ukraine Support Content,3/27/22
153425,collaborator.pro,Office of the Prosecutor General,Cyprus,Digital Resistance,Ukraine Support Content,4/15/22
159506,200rf.com,Office of the Prosecutor General,Ukraine,Digital Resistance,Counter-propaganda,2/27/22
167715,russiawarcrimes.com,Office of the Prosecutor General,Ukraine,Digital Resistance,Counter-propaganda,4/20/22
171717,fkiev.com,Office of the Prosecutor General,Ukraine,Digital Resistance,Critical Content,7/27/22
182421,stalker2.com,Office of the Prosecutor General,Ukraine,Digital Resistance,Ukraine Support Content,3/31/22
188254,voxukraine.org,Office of the Prosecutor General,Ukraine,Digital Resistance,Research,3/17/22
191498,httptoolkit.tech,Office of the Prosecutor General,Spain,Digital Resistance,Research,4/16/22
217405,salepro.in.ua,Office of the Prosecutor General,Ukraine,Digital Resistance,Site Hijack,6/24/22
231599,uafilm.tv,Office of the Prosecutor General,Ukraine,Digital Resistance,Ukraine Support Content,3/27/22
236020,freerutube.com,Office of the Prosecutor General,Russia,Digital Resistance,Counter-propaganda,3/15/22
240668,zastansyadoma.live,Office of the Prosecutor General,Ukraine,Digital Resistance,Counter-propaganda,3/13/22
251747,lekciya.com.ua,Office of the Prosecutor General,Ukraine,Digital Resistance,Site Hijack,6/24/22
255991,mult.ru,Office of the Prosecutor General,Russia,Digital Resistance,Ukraine Support Content,4/23/22
267356,helpukraine.center,Office of the Prosecutor General,Ukraine,Digital Resistance,Fundraising,3/21/22
270663,vencon.ua,Office of the Prosecutor General,Ukraine,Digital Resistance,Ukraine Support Content,5/31/22
281247,navigator.ws,Office of the Prosecutor General,Russia,Digital Resistance,Hacking,3/13/22
283869,jediru.net,Office of the Prosecutor General,Russia,Digital Resistance,Critical content,4/15/22
284703,bo-patriot.com.ua,Office of the Prosecutor General,Ukraine,Digital Resistance,Site Hijack,4/19/22
286302,amocrm.com.ua,Office of the Prosecutor General,Ukraine,Digital Resistance,Site Hijack,6/24/22
287197,nebho.com.ua,Office of the Prosecutor General,Ukraine,Digital Resistance,Site Hijack,6/24/22
287343,headinsider.net,Office of the Prosecutor General,Russia,Digital Resistance,Site Hijack,5/15/22
289763,minus.lviv.ua,Office of the Prosecutor General,Ukraine,Digital Resistance,Critical Content,7/27/22
295130,armysos.com.ua,Office of the Prosecutor General,Ukraine,Digital Resistance,Fundraising,4/19/22
298383,dearrussian.wtf,Office of the Prosecutor General,Ukraine,Digital Resistance,Counter-propaganda,2/27/22
303100,stopwar.info,Office of the Prosecutor General,Ukraine,Digital Resistance,Counter-propaganda,3/3/22
310287,russkiykorabl.com,Office of the Prosecutor General,Ukraine,Digital Resistance,Counter-propaganda,1/4/22
314488,miraton.ua,Office of the Prosecutor General,Ukraine,Digital Resistance,Ukraine Support Content,5/31/22
320790,politforums.net,Office of the Prosecutor General,Russia,Digital Resistance,Critical Content,5/24/22
326008,kyivoperativ.info,Office of the Prosecutor General,Ukraine,Digital Resistance,Blog,3/27/22
328858,sinoptik.com.by,Office of the Prosecutor General,Belarus,Digital Resistance,Counter-propaganda,3/13/22
336598,russoldat.info,Office of the Prosecutor General,Ukraine,Digital Resistance,Counter-propaganda,3/17/22
339759,donbass-operation.info,Office of the Prosecutor General,Ukraine,Digital Resistance,Counter-propaganda,3/7/22
340442,forrussian.site,Office of the Prosecutor General,Unknown,Digital Resistance,Counter-propaganda,3/13/22
341742,inforussia.online,Office of the Prosecutor General,Unknown,Digital Resistance,Counter-propaganda,3/13/22
346951,ratatype.ru,Office of the Prosecutor General,Russia,Digital Resistance,Ukraine Support Content,3/16/22
348702,rubhoz.ru,Office of the Prosecutor General,Russia,Digital Resistance,Ukraine Support Content,5/15/22
350741,dnzspal146.com.ua,Office of the Prosecutor General,Ukraine,Digital Resistance,Site Hijack,4/20/22
355806,supportukraine.co,Office of the Prosecutor General,Ukraine,Digital Resistance,Fundraising,3/21/22
364563,tvgid.ua,Office of the Prosecutor General,Ukraine,Digital Resistance,Ukraine Support Content,4/24/22
365201,helpukrainenow.info,Office of the Prosecutor General,Unknown,Digital Resistance,Appeals,5/30/22
367399,ban-dera.com,Office of the Prosecutor General,Ukraine,Digital Resistance,Hacking,4/4/22
369740,partisan.live,Office of the Prosecutor General,Russia,Digital Resistance,Activism,8/3/22
370046,lita.com.ua,Office of the Prosecutor General,Ukraine,Digital Resistance,Site Hijack,4/23/22
374155,inweb.ua,Office of the Prosecutor General,Ukraine,Digital Resistance,Ukraine Support Content,4/22/22
377098,wasterussiantime.today,Office of the Prosecutor General,International,Digital Resistance,Appeals,6/24/22
377796,fructcode.com,Office of the Prosecutor General,Ukraine,Digital Resistance,Ukraine Support Content,7/3/22
378400,pulscen.com.ua,Office of the Prosecutor General,Ukraine,Digital Resistance,Site Hijack,4/19/22
379327,lenta.blog,Office of the Prosecutor General,Ukraine,Digital Resistance,Counter-propaganda,5/6/22
383412,buki-repetitor.ru,Office of the Prosecutor General,Russia,Digital Resistance,Ukraine Support Content,9/6/22
383597,moscow1206.com,Office of the Prosecutor General,Russia,Digital Resistance,Russian Dissidents,6/18/22
384844,zastansyadoma.info,Office of the Prosecutor General,Belarus,Digital Resistance,Counter-propaganda,3/10/22
385735,ru-war-true.info,Office of the Prosecutor General,Ukraine,Digital Resistance,Counter-propaganda,3/9/22
388249,greenbelarus.info,Office of the Prosecutor General,Belarus,Digital Resistance,Critical Content,3/21/22
392987,ostanovivagony.info,Office of the Prosecutor General,Russia,Digital Resistance,Russian Dissidents,4/23/22
393351,koloua.com,Office of the Prosecutor General,Ukraine,Digital Resistance,Fundraising,7/29/22
396374,onex.com.ua,Office of the Prosecutor General,Ukraine,Digital Resistance,Site Hijack,4/19/22
398423,lenta.vn.ua,Office of the Prosecutor General,Ukraine,Digital Resistance,Ukraine Support Content,4/6/22
398832,activatica.org,Office of the Prosecutor General,International,Digital Resistance,Activism,4/22/22
407751,pekelnitachky.com,Office of the Prosecutor General,Ukraine,Digital Resistance,Fundraising,4/28/22
408218,prizyv2022.info,Office of the Prosecutor General,Russia,Digital Resistance,Counter-propaganda,2/4/22
408690,wings-phoenix.org.ua,Office of the Prosecutor General,Ukraine,Digital Resistance,Fundraising,4/19/22
410498,mamapover.com,Office of the Prosecutor General,Ukraine,Digital Resistance,Appeals,3/7/22
412919,yanerusskiy.info,Office of the Prosecutor General,Russia,Digital Resistance,Counter-propaganda,3/13/22
415469,disbalancer.com,Office of the Prosecutor General,Ukraine,Digital Resistance,Hacking,4/19/22
416147,antiwarcommittee.info,Office of the Prosecutor General,Russia,Digital Resistance,Russian Dissidents,3/27/22
416179,dead-russian.in.ua,Office of the Prosecutor General,Ukraine,Digital Resistance,Counter-propaganda,6/24/22
417301,agrovektor.ru,Office of the Prosecutor General,Russia,Digital Resistance,Ukraine Support Content,3/25/22
421429,leleka.care,Office of the Prosecutor General,United States,Digital Resistance,Fundraising,4/19/22
423194,uzhasyvojny.info,Office of the Prosecutor General,Ukraine,Digital Resistance,Counter-propaganda,4/6/22
426134,truewar.io,Office of the Prosecutor General,Ukraine,Digital Resistance,Counter-propaganda,4/22/22
430206,nurembergtrials20.info,Office of the Prosecutor General,Ukraine,Digital Resistance,Counter-propaganda,5/26/22
435452,cz200.info,Office of the Prosecutor General,Ukraine,Digital Resistance,Counter-propaganda,6/23/22
437398,ria-novosti.online,Office of the Prosecutor General,Ukraine,Digital Resistance,Counter-propaganda,3/13/22
438161,stopputin.in.ua,Office of the Prosecutor General,Ukraine,Digital Resistance,Counter-propaganda,3/5/22
439055,rabotenka.com.ua,Office of the Prosecutor General,Ukraine,Digital Resistance,Site Hijack,6/23/22
439317,ria-today.agency,Office of the Prosecutor General,Ukraine,Digital Resistance,Counter-propaganda,3/13/22
439374,ria-politika.online,Office of the Prosecutor General,Ukraine,Digital Resistance,Counter-propaganda,3/13/22
439419,indiecup.net,Office of the Prosecutor General,Unknown,Digital Resistance,Ukraine Support Content,4/18/22
440897,notourwar.info,Office of the Prosecutor General,Russia,Digital Resistance,Counter-propaganda,3/27/22
442844,ljrate.ru,Office of the Prosecutor General,Russia,Digital Resistance,Critical Content,7/25/22
445131,agu-agu.com.ua,Office of the Prosecutor General,Ukraine,Digital Resistance,Site Hijack,6/23/22
445492,dbm-wood.com.ua,Office of the Prosecutor General,Ukraine,Digital Resistance,Site Hijack,6/23/22
447299,gde-moi-deti.live,Office of the Prosecutor General,Russia,Digital Resistance,Counter-propaganda,5/29/22
449195,gdemoideti.live,Office of the Prosecutor General,Ukraine,Digital Resistance,Counter-propaganda,7/8/22
450213,ligaconsult.com.ua,Office of the Prosecutor General,Ukraine,Digital Resistance,Site Hijack,6/24/22
450838,kraina.in.ua,Office of the Prosecutor General,Ukraine,Digital Resistance,Site Hijack,6/24/22
451042,elitesport.in.ua,Office of the Prosecutor General,Ukraine,Digital Resistance,Site Hijack,6/23/22
451252,aromati.in.ua,Office of the Prosecutor General,Ukraine,Digital Resistance,Site Hijack,6/23/22
451894,greencredit.in.ua,Office of the Prosecutor General,Ukraine,Digital Resistance,Site Hijack,4/20/22
451991,gelish.com.ua,Office of the Prosecutor General,Ukraine,Digital Resistance,Site Hijack,5/27/22
452053,medservise.com.ua,Office of the Prosecutor General,Ukraine,Digital Resistance,Site Hijack,4/19/22
452208,uniticket.com.ua,Office of the Prosecutor General,Ukraine,Digital Resistance,Site Hijack,3/13/22
452345,freelancework.com.ua,Office of the Prosecutor General,Ukraine,Digital Resistance,Site Hijack,4/19/22
452573,beliano.com.ua,Office of the Prosecutor General,Ukraine,Digital Resistance,Site Hijack,4/19/22
452600,perinatal-mariupol.in.ua,Office of the Prosecutor General,Ukraine,Digital Resistance,Site Hijack,3/27/22
452607,euro-asian.com.ua,Office of the Prosecutor General,Ukraine,Digital Resistance,Site Hijack,6/23/22
452721,niceweb.in.ua,Office of the Prosecutor General,Ukraine,Digital Resistance,Site Hijack,4/20/22
453147,choicemobile.com.ua,Office of the Prosecutor General,Ukraine,Digital Resistance,Site Hijack,6/23/22
453184,dominique.com.ua,Office of the Prosecutor General,Ukraine,Digital Resistance,Site Hijack,5/27/22
453309,paremo.com.ua,Office of the Prosecutor General,Ukraine,Digital Resistance,Site Hijack,6/24/22
453378,grande-premiere.com.ua,Office of the Prosecutor General,Ukraine,Digital Resistance,Site Hijack,4/20/22
453430,bestbooks.com.ua,Office of the Prosecutor General,Ukraine,Digital Resistance,Site Hijack,6/23/22
453663,forise.com.ua,Office of the Prosecutor General,Ukraine,Digital Resistance,Site Hijack,4/19/22
453679,girlhunter.com.ua,Office of the Prosecutor General,Ukraine,Digital Resistance,Site Hijack,6/24/22
453733,arenda-samoleta.com.ua,Office of the Prosecutor General,Ukraine,Digital Resistance,Site Hijack,3/27/22
453735,bezproblem.in.ua,Office of the Prosecutor General,Ukraine,Digital Resistance,Site Hijack,6/23/22
453860,taxibus.com.ua,Office of the Prosecutor General,Ukraine,Digital Resistance,Site Hijack,4/20/22
454054,kpbl.com.ua,Office of the Prosecutor General,Ukraine,Digital Resistance,Site Hijack,4/19/22
454057,sorento.com.ua,Office of the Prosecutor General,Ukraine,Digital Resistance,Site Hijack,6/23/22
454078,atlant-dim.com.ua,Office of the Prosecutor General,Ukraine,Digital Resistance,Site Hijack,6/23/22
454083,liro.com.ua,Office of the Prosecutor General,Ukraine,Digital Resistance,Site Hijack,4/20/22
454093,saki-tanger.com.ua,Office of the Prosecutor General,Ukraine,Digital Resistance,Site Hijack,5/27/22
454103,gourmetclub.com.ua,Office of the Prosecutor General,Ukraine,Digital Resistance,Site Hijack,6/24/22
454224,pmschool.com.ua,Office of the Prosecutor General,Ukraine,Digital Resistance,Site Hijack,6/24/22
454385,bbbparts.com.ua,Office of the Prosecutor General,Ukraine,Digital Resistance,Site Hijack,6/23/22
454398,liontour.com.ua,Office of the Prosecutor General,Ukraine,Digital Resistance,Site Hijack,4/20/22
454427,fregat-hotel.com.ua,Office of the Prosecutor General,Ukraine,Digital Resistance,Site Hijack,6/23/22
454432,coral-club.com.ua,Office of the Prosecutor General,Ukraine,Digital Resistance,Site Hijack,6/23/22
454462,mamzel.com.ua,Office of the Prosecutor General,Ukraine,Digital Resistance,Site Hijack,4/20/22
454518,newflora.com.ua,Office of the Prosecutor General,Ukraine,Digital Resistance,Site Hijack,6/24/22
454550,gorodrabot.com.ua,Office of the Prosecutor General,Ukraine,Digital Resistance,Site Hijack,6/24/22
454556,centr-svitla.com.ua,Office of the Prosecutor General,Ukraine,Digital Resistance,Site Hijack,6/23/22
454565,lidiavas.com.ua,Office of the Prosecutor General,Ukraine,Digital Resistance,Site Hijack,6/24/22
454573,lookin.com.ua,Office of the Prosecutor General,Ukraine,Digital Resistance,Site Hijack,6/24/22
454602,autosky.com.ua,Office of the Prosecutor General,Ukraine,Digital Resistance,Site Hijack,5/27/22
454629,deprimo.com.ua,Office of the Prosecutor General,Ukraine,Digital Resistance,Site Hijack,4/19/22
454632,mariupolua.com.ua,Office of the Prosecutor General,Ukraine,Digital Resistance,Site Hijack,3/20/22
454726,gdzshka.com.ua,Office of the Prosecutor General,Ukraine,Digital Resistance,Site Hijack,3/31/22
454765,bpnew.com.ua,Office of the Prosecutor General,Ukraine,Digital Resistance,Site Hijack,4/19/22
454817,konstavto.com.ua,Office of the Prosecutor General,Ukraine,Digital Resistance,Site Hijack,4/20/22
454818,poltavaua.com.ua,Office of the Prosecutor General,Ukraine,Digital Resistance,Site Hijack,4/22/22
454820,brobank.com.ua,Office of the Prosecutor General,Ukraine,Digital Resistance,Site Hijack,4/19/22
454949,referatbank.com.ua,Office of the Prosecutor General,Ukraine,Digital Resistance,Site Hijack,3/17/22
454952,opora-eb.com.ua,Office of the Prosecutor General,Ukraine,Digital Resistance,Site Hijack,6/24/22
454977,politnews.com.ua,Office of the Prosecutor General,Ukraine,Digital Resistance,Site Hijack,6/24/22
455093,distributor.com.ua,Office of the Prosecutor General,Ukraine,Digital Resistance,Site Hijack,6/23/22
455098,artiskdesign.com.ua,Office of the Prosecutor General,Ukraine,Digital Resistance,Site Hijack,6/23/22
455130,elitmaster.com.ua,Office of the Prosecutor General,Ukraine,Digital Resistance,Site Hijack,6/23/22
455138,hersonua.com.ua,Office of the Prosecutor General,Ukraine,Digital Resistance,Site Hijack,6/24/22
455204,pellet.com.ua,Office of the Prosecutor General,Ukraine,Digital Resistance,Site Hijack,6/24/22
455243,rov.com.ua,Office of the Prosecutor General,Ukraine,Digital Resistance,Site Hijack,5/27/22
455339,epitex.com.ua,Office of the Prosecutor General,Ukraine,Digital Resistance,Site Hijack,5/27/22
455351,dolgolet.com.ua,Office of the Prosecutor General,Ukraine,Digital Resistance,Site Hijack,6/23/22
455359,nikolaevua.com.ua,Office of the Prosecutor General,Ukraine,Digital Resistance,Site Hijack,6/24/22
455367,melturbo.com.ua,Office of the Prosecutor General,Ukraine,Digital Resistance,Site Hijack,4/20/22
455493,agrobor.com.ua,Office of the Prosecutor General,Ukraine,Digital Resistance,Site Hijack,6/23/22
455524,drema.com.ua,Office of the Prosecutor General,Ukraine,Digital Resistance,Site Hijack,4/19/22
455614,labelle.com.ua,Office of the Prosecutor General,Ukraine,Digital Resistance,Site Hijack,4/20/22
455633,bestjob.com.ua,Office of the Prosecutor General,Ukraine,Digital Resistance,Site Hijack,6/23/22
455657,la-cantina.com.ua,Office of the Prosecutor General,Ukraine,Digital Resistance,Site Hijack,6/24/22
455687,airavto.com.ua,Office of the Prosecutor General,Ukraine,Digital Resistance,Site Hijack,6/23/22
455807,pavelbarbul.com.ua,Office of the Prosecutor General,Ukraine,Digital Resistance,Site Hijack,6/24/22
455837,phl2006.com.ua,Office of the Prosecutor General,Ukraine,Digital Resistance,Site Hijack,4/20/22
455888,fito-life.com.ua,Office of the Prosecutor General,Ukraine,Digital Resistance,Site Hijack,6/23/22
455924,1stolica.com.ua,Office of the Prosecutor General,Ukraine,Digital Resistance,Site Hijack,4/19/22
456021,elit-style.com.ua,Office of the Prosecutor General,Ukraine,Digital Resistance,Site Hijack,6/23/22
456022,gog.com.ua,Office of the Prosecutor General,Ukraine,Digital Resistance,Site Hijack,4/26/22
456104,ofelia.com.ua,Office of the Prosecutor General,Ukraine,Digital Resistance,Site Hijack,5/27/22
456106,alexbrey.com.ua,Office of the Prosecutor General,Ukraine,Digital Resistance,Site Hijack,5/27/22
456160,kyivbox.com.ua,Office of the Prosecutor General,Ukraine,Digital Resistance,Site Hijack,6/24/22
456175,amirexpress.com.ua,Office of the Prosecutor General,Ukraine,Digital Resistance,Site Hijack,6/23/22
456244,ac-deko.com.ua,Office of the Prosecutor General,Ukraine,Digital Resistance,Site Hijack,6/23/22
456269,bioaqua.com.ua,Office of the Prosecutor General,Ukraine,Digital Resistance,Site Hijack,6/23/22
456393,cua.com.ua,Office of the Prosecutor General,Ukraine,Digital Resistance,Site Hijack,6/23/22
456533,cyberarena.com.ua,Office of the Prosecutor General,Ukraine,Digital Resistance,Site Hijack,6/23/22
456548,lemberg-kaviar.com.ua,Office of the Prosecutor General,Ukraine,Digital Resistance,Site Hijack,6/24/22
456686,luganskua.com.ua,Office of the Prosecutor General,Ukraine,Digital Resistance,Site Hijack,3/13/22
456787,fontec.com.ua,Office of the Prosecutor General,Ukraine,Digital Resistance,Site Hijack,6/24/22
456788,liga-t.com.ua,Office of the Prosecutor General,Ukraine,Digital Resistance,Site Hijack,6/24/22
456936,gardaoil.com.ua,Office of the Prosecutor General,Ukraine,Digital Resistance,Site Hijack,6/23/22
456945,dimparts.com.ua,Office of the Prosecutor General,Ukraine,Digital Resistance,Site Hijack,6/23/22
457071,solarfox-energy.com.ua,Office of the Prosecutor General,Ukraine,Digital Resistance,Site Hijack,4/20/22
457093,school5.com.ua,Office of the Prosecutor General,Ukraine,Digital Resistance,Site Hijack,3/13/22
457145,nordicasterling.com.ua,Office of the Prosecutor General,Ukraine,Digital Resistance,Site Hijack,6/24/22
457169,avtoprokat.com.ua,Office of the Prosecutor General,Ukraine,Digital Resistance,Site Hijack,4/19/22
457200,berdyansk-rent.com.ua,Office of the Prosecutor General,Ukraine,Digital Resistance,Site Hijack,6/23/22
457241,aviasales.com.ua,Office of the Prosecutor General,Ukraine,Digital Resistance,Site Hijack,4/20/22
457267,philipiakmilano.com.ua,Office of the Prosecutor General,Ukraine,Digital Resistance,Site Hijack,6/24/22
457286,air-up.com.ua,Office of the Prosecutor General,Ukraine,Digital Resistance,Site Hijack,6/23/22
457482,z-faberlic.com.ua,Office of the Prosecutor General,Ukraine,Digital Resistance,Site Hijack,4/20/22
457739,prostozags.com.ua,Office of the Prosecutor General,Ukraine,Digital Resistance,Site Hijack,4/19/22
457944,pp-tdk.com.ua,Office of the Prosecutor General,Ukraine,Digital Resistance,Site Hijack,6/24/22
458137,gerus.com.ua,Office of the Prosecutor General,Ukraine,Digital Resistance,Site Hijack,6/24/22
458184,ecutools.com.ua,Office of the Prosecutor General,Ukraine,Digital Resistance,Site Hijack,5/27/22
458371,nocodeflow.net,Office of the Prosecutor General,Germany,Digital Resistance,Coding,4/20/22
458595,miltec-market.com.ua,Office of the Prosecutor General,Ukraine,Digital Resistance,Site Hijack,4/20/22
458684,vip-beton.com.ua,Office of the Prosecutor General,Ukraine,Digital Resistance,Site Hijack,4/20/22
458805,goaclub.com.ua,Office of the Prosecutor General,Ukraine,Digital Resistance,Site Hijack,6/24/22
459440,lemanauto.com.ua,Office of the Prosecutor General,Ukraine,Digital Resistance,Site Hijack,6/24/22
460622,autel-ukraine.com.ua,Office of the Prosecutor General,Ukraine,Digital Resistance,Site Hijack,3/27/22
460884,russkiykorabl.info,Office of the Prosecutor General,Ukraine,Digital Resistance,Counter-propaganda,4/19/22
464132,ria-news.uno,Office of the Prosecutor General,Ukraine,Digital Resistance,Counter-propaganda,4/27/22
468006,inferno.army,Office of the Prosecutor General,Ukraine,Digital Resistance,Appeals,2/6/22
475991,chronic.com.ua,Office of the Prosecutor General,Ukraine,Digital Resistance,Counter-propaganda,5/14/22
476783,manifest.in.ua,Office of the Prosecutor General,Ukraine,Digital Resistance,Ukraine Support Content,3/5/22
477289,in-focus.com.ua,Office of the Prosecutor General,Ukraine,Digital Resistance,Site Hijack,4/20/22
478053,find-soldier.xyz,Office of the Prosecutor General,Ukraine,Digital Resistance,Counter-propaganda,3/3/22
480811,stopwarukraine.com,Office of the Prosecutor General,Ukraine,Digital Resistance,Counter-propaganda,2/27/22
485176,crimeanbridgedown.com.ua,Office of the Prosecutor General,Ukraine,Digital Resistance,Counter-propaganda,5/6/22
485872,agro-russia.com,Office of the Prosecutor General,Ukraine,Digital Resistance,Site Hijack,7/13/22
494079,warlive.live,Office of the Prosecutor General,Russia,Digital Resistance,Counter-propaganda,3/11/22
496220,lucky-store.com.ua,Office of the Prosecutor General,Ukraine,Digital Resistance,Site Hijack,3/27/22
502325,karta-mira.com,Office of the Prosecutor General,Ukraine,Digital Resistance,Counter-propaganda,3/28/22
502822,helikon-market.com.ua,Office of the Prosecutor General,Ukraine,Digital Resistance,Site Hijack,4/20/22
510777,rtproc.ru,Office of the Prosecutor General,Russia,Digital Resistance,Counter-propaganda,5/8/22
515394,neveragain.media,Office of the Prosecutor General,Ukraine,Digital Resistance,Counter-propaganda,3/31/22
517110,bakertilly.ua,Office of the Prosecutor General,Ukraine,Digital Resistance,Ukraine Support Content,4/22/22
517876,huilo.net,Office of the Prosecutor General,Ukraine,Digital Resistance,Counter-propaganda,3/31/22
519586,ddos-separ.ml,Office of the Prosecutor General,Moldova,Digital Resistance,Hacking,11/6/22
522610,ua-war-2022.com,Office of the Prosecutor General,Ukraine,Digital Resistance,Counter-propaganda,10/6/22
523333,rkprok.ru,Office of the Prosecutor General,Russia,Digital Resistance,Counter-propaganda,5/8/22
525259,esvip.com.ua,Office of the Prosecutor General,Ukraine,Digital Resistance,Site Hijack,6/23/22
532015,bolshoyforum.com,Office of the Prosecutor General,Russia,Digital Resistance,Critical content,4/20/22
533883,ukrainianarmyhelp.com,Office of the Prosecutor General,Ukraine,Digital Resistance,Fundraising,3/21/22
534886,proktmo.ru,Office of the Prosecutor General,Russia,Digital Resistance,Counter-propaganda,5/8/22
535243,stop-war.today,Office of the Prosecutor General,Unknown,Digital Resistance,Counter-propaganda,3/13/22
536036,peoplesproject.com,Office of the Prosecutor General,Ukraine,Digital Resistance,Fundraising,7/27/22
542632,ria-news.today,Office of the Prosecutor General,Ukraine,Digital Resistance,Counter-propaganda,5/24/22
544950,domaktera55.ru,Office of the Prosecutor General,Ukraine,Digital Resistance,Site Hijack,6/23/22
545267,gbcdata.net,Office of the Prosecutor General,United Kingdom,Digital Resistance,Research,2/4/22
546189,infowarship.com,Office of the Prosecutor General,Ukraine,Digital Resistance,Counter-propaganda,3/5/22
549198,dezega.com,Office of the Prosecutor General,Ukraine,Digital Resistance,Ukraine Support Content,4/24/22
549518,stopputin.today,Office of the Prosecutor General,Ukraine,Digital Resistance,Counter-propaganda,5/26/22
552293,mamayahochudomoy.com,Office of the Prosecutor General,Ukraine,Digital Resistance,Counter-propaganda,3/3/22
552495,besafeua.com,Office of the Prosecutor General,Ukraine,Digital Resistance,Counter-propaganda,5/27/22
554019,putina.net,Office of the Prosecutor General,Ukraine,Digital Resistance,Fundraising,3/31/22
554825,stop-the-war-now.com,Office of the Prosecutor General,Ukraine,Digital Resistance,Counter-propaganda,10/4/22
555603,rettar.net,Office of the Prosecutor General,Ukraine,Digital Resistance,Blog,7/4/22
558510,remap-ru.com,Office of the Prosecutor General,Russia,Digital Resistance,Counter-propaganda,5/31/22
560471,redirected-to.com,Office of the Prosecutor General,Russia,Digital Resistance,Counter-propaganda,5/26/22
561084,pasp.com.ua,Office of the Prosecutor General,Ukraine,Digital Resistance,Site Hijack,6/24/22
562059,defenceua.com,Office of the Prosecutor General,Ukraine,Digital Resistance,Counter-propaganda,9/4/22
564997,pogibshievukraine.com,Office of the Prosecutor General,Ukraine,Digital Resistance,Counter-propaganda,5/24/22
566642,rsukraine.org,Office of the Prosecutor General,Ukraine,Digital Resistance,Fundraising,4/20/22
568547,gen-prok.ru,Office of the Prosecutor General,Russia,Digital Resistance,Counter-propaganda,9/6/22
570747,anti-popsa.com,Office of the Prosecutor General,Russia,Digital Resistance,Counter-propaganda,5/6/22
572513,nowar1.com,Office of the Prosecutor General,Russia,Digital Resistance,Counter-propaganda,5/6/22
574463,loginvovchyk.net,Office of the Prosecutor General,Ukraine,Digital Resistance,Counter-propaganda,5/27/22
577955,no-war3.com,Office of the Prosecutor General,Russia,Digital Resistance,Counter-propaganda,5/22/22
579189,etojob.ru,Office of the Prosecutor General,Ukraine,Digital Resistance,Site Hijack,6/23/22
581149,war2022.xyz,Office of the Prosecutor General,Russia,Digital Resistance,Counter-propaganda,6/16/22
583242,nowarlll.com,Office of the Prosecutor General,Russia,Digital Resistance,Counter-propaganda,12/5/22
595779,scienceofdrink.com,Office of the Prosecutor General,Ukraine,Digital Resistance,Critical Content,7/5/22
597269,paramotokite.ru,Office of the Prosecutor General,Ukraine,Digital Resistance,Site Hijack,6/24/22
599376,dronesforukraine.fund,Office of the Prosecutor General,Ukraine,Digital Resistance,Fundraising,7/13/22
604956,russkiykorabl.net,Office of the Prosecutor General,Russia,Digital Resistance,Counter-propaganda,5/27/22
615522,multik-online.net,Office of the Prosecutor General,Unknown,Digital Resistance,Ukraine Support Content,3/21/22
622327,rasteniya-tatarstan.ru,Office of the Prosecutor General,Ukraine,Digital Resistance,Counter-propaganda,3/27/22
625577,green-logistics.com.ua,Office of the Prosecutor General,Ukraine,Digital Resistance,Site Hijack,6/24/22
629793,amphibex400.ru,Office of the Prosecutor General,Ukraine,Digital Resistance,Site Hijack,6/23/22
636338,anti-propaganda.live,Office of the Prosecutor General,Russia,Digital Resistance,Counter-propaganda,3/27/22
641668,defenseua.com,Office of the Prosecutor General,Ukraine,Digital Resistance,Counter-propaganda,2/4/22
642619,war2022.online,Office of the Prosecutor General,Ukraine,Digital Resistance,Counter-propaganda,3/27/22
643844,anti-propaganda.info,Office of the Prosecutor General,Russia,Digital Resistance,Counter-propaganda,3/12/22
644714,ufolabs.net,Office of the Prosecutor General,Russia,Digital Resistance,Critical content,4/19/22
646231,ria-world.live,Office of the Prosecutor General,Ukraine,Digital Resistance,Counter-propaganda,3/3/22
646881,antipropaganda.space,Office of the Prosecutor General,Russia,Digital Resistance,Counter-propaganda,3/10/22
648187,stopwar2022.in.ua,Office of the Prosecutor General,Ukraine,Digital Resistance,Counter-propaganda,3/8/22
652271,interfax.live,Office of the Prosecutor General,Russia,Digital Resistance,Site Hijack,8/6/22
652550,publicorthodoxy.org,Office of the Prosecutor General,United States,Digital Resistance,Critical Content,5/31/22
652648,help-ukraine-win.com.ua,Office of the Prosecutor General,Ukraine,Digital Resistance,Hacking,3/17/22
656511,cbr.ink,Office of the Prosecutor General,Russia,Digital Resistance,Counter-propaganda,12/5/22
660713,imhoclub.by,Office of the Prosecutor General,Latvia,Digital Resistance,Critical Content,3/22/22
662544,rebagroup.ru,Office of the Prosecutor General,Russia,Digital Resistance,Site Hijack,5/27/22
667737,voiny.net,Office of the Prosecutor General,Russia,Digital Resistance,Appeals,5/15/22
670096,spilka.pt,Office of the Prosecutor General,Portugal,Digital Resistance,Ukraine Support Content,7/27/22
678895,ravesli.com,Office of the Prosecutor General,Russia,Digital Resistance,Ukraine Support Content,3/27/22
684201,science-community.org,Office of the Prosecutor General,Ukraine,Digital Resistance,Critical Content,4/23/22
688993,pravdamail.com,Office of the Prosecutor General,Ukraine,Digital Resistance,Appeals,5/6/22
700368,jourbon.ru,Office of the Prosecutor General,Russia,Digital Resistance,Site Hijack,4/20/22
711955,eurosvet-samara.ru,Office of the Prosecutor General,Russia,Digital Resistance,Site Hijack,2/4/22
717424,24tr.com.ua,Office of the Prosecutor General,Ukraine,Digital Resistance,Site Hijack,3/13/22
731975,true-ip.com.ua,Office of the Prosecutor General,Ukraine,Digital Resistance,Site Hijack,4/20/22
737562,vo365.ru,Office of the Prosecutor General,Russia,Digital Resistance,Site Hijack,3/27/22
739313,chronicles.report,Office of the Prosecutor General,Ukraine,Digital Resistance,Counter-propaganda,7/24/22
741237,supportukrainenow.org,Office of the Prosecutor General,Ukraine,Digital Resistance,Fundraising,4/20/22
742107,waltzingwaters.ru,Office of the Prosecutor General,Russia,Digital Resistance,Site Hijack,5/20/22
757531,lifeline34.ru,Office of the Prosecutor General,Russia,Digital Resistance,Site Hijack,3/27/22
759333,dubaimoscow.ru,Office of the Prosecutor General,Russia,Digital Resistance,Site Hijack,5/19/22
763140,kompressor-asprom.ru,Office of the Prosecutor General,Russia,Digital Resistance,Site Hijack,5/20/22
765479,ninjasushi.moscow,Office of the Prosecutor General,Ukraine,Digital Resistance,Critical Content,4/15/22
766415,kantanen.net,Office of the Prosecutor General,Finland,Digital Resistance,Critical Content,3/20/22
768277,for.lviv.ua,Office of the Prosecutor General,Ukraine,Digital Resistance,Critical Content,8/2/22
774842,stop-the-war.world,Office of the Prosecutor General,Germany,Digital Resistance,Counter-propaganda,7/4/22
775216,uralsip.ru,Office of the Prosecutor General,Russia,Digital Resistance,Site Hijack,5/20/22
777215,butovo-salon.ru,Office of the Prosecutor General,Russia,Digital Resistance,Site Hijack,5/19/22
783803,cs-grom.ru,Office of the Prosecutor General,Ukraine,Digital Resistance,Site Hijack,1/7/22
785585,truthinrf.org.ua,Office of the Prosecutor General,Ukraine,Digital Resistance,Counter-propaganda,2/4/22
786709,my2012.ru,Office of the Prosecutor General,Russia,Digital Resistance,Site Hijack,5/20/22
788973,svetlymir.ru,Office of the Prosecutor General,Russia,Digital Resistance,Site Hijack,3/27/22
792440,ria-news.live,Office of the Prosecutor General,Ukraine,Digital Resistance,Counter-propaganda,3/2/22
793992,stopwar.in.ua,Office of the Prosecutor General,Ukraine,Digital Resistance,Counter-propaganda,3/2/22
796602,oporainfo.live,Office of the Prosecutor General,Ukraine,Digital Resistance,Counter-propaganda,3/9/22
797334,doverieinfo.site,Office of the Prosecutor General,Ukraine,Digital Resistance,Counter-propaganda,3/9/22
799013,paulin.com.ua,Office of the Prosecutor General,Ukraine,Digital Resistance,Site Hijack,4/19/22
799617,b2btoday.com.ua,Office of the Prosecutor General,Ukraine,Digital Resistance,Site Hijack,4/18/22
804191,harkovua.com.ua,Office of the Prosecutor General,Ukraine,Digital Resistance,Site Hijack,3/31/22
805600,russawarukraine.online,Office of the Prosecutor General,Russia,Digital Resistance,Counter-propaganda,3/8/22
805818,efficientplant.ru,Office of the Prosecutor General,Russia,Digital Resistance,Site Hijack,5/20/22
805912,protestletter.cc,Office of the Prosecutor General,Russia,Digital Resistance,Russian Dissidents,6/16/22
808499,strahoka.ru,Office of the Prosecutor General,Russia,Digital Resistance,Site Hijack,3/27/22
808879,badma.com.ua,Office of the Prosecutor General,Ukraine,Digital Resistance,Site Hijack,4/19/22
812647,caspianhalal.ru,Office of the Prosecutor General,Russia,Digital Resistance,Site Hijack,3/27/22
818053,apitb13.com,Office of the Prosecutor General,Ukraine,Digital Resistance,Counter-propaganda,3/9/22
820872,speedcubing.com.ua,Office of the Prosecutor General,Ukraine,Digital Resistance,Ukraine Support Content,5/25/22
822552,gdemoysyn.com,Office of the Prosecutor General,Ukraine,Digital Resistance,Counter-propaganda,3/7/22
823324,swimmingnso.ru,Office of the Prosecutor General,Russia,Digital Resistance,Site Hijack,3/27/22
825829,stopthewar-peace.com,Office of the Prosecutor General,Russia,Digital Resistance,Counter-propaganda,5/27/22
841498,rubhoz.com,Office of the Prosecutor General,Ukraine,Digital Resistance,Ukraine Support Content,5/30/22
844667,collectionru.com,Office of the Prosecutor General,Ukraine,Digital Resistance,Counter-propaganda,7/27/22
847639,obvalrublya.com,Office of the Prosecutor General,Ukraine,Digital Resistance,Counter-propaganda,3/4/22
855705,invaders-rf.com,Office of the Prosecutor General,Ukraine,Digital Resistance,Counter-propaganda,4/27/22
858055,fort-odessa.com.ua,Office of the Prosecutor General,Ukraine,Digital Resistance,Site Hijack,6/23/22
858585,lkbtl.ru,Office of the Prosecutor General,Russia,Digital Resistance,Site Hijack,5/20/22
863763,bhf.la,Office of the Prosecutor General,Russia,Digital Resistance,Ukraine Support Content,4/18/22
887800,zastansyadoma.com,Office of the Prosecutor General,Ukraine,Digital Resistance,Counter-propaganda,3/4/22
922920,dpath.ru,Office of the Prosecutor General,Russia,Digital Resistance,Site Hijack,5/20/22
945946,md-arena.com,Office of the Prosecutor General,Ukraine,Digital Resistance,Ukraine Support Content,4/13/22
952419,tajikistantravel.ru,Office of the Prosecutor General,Unknown,Digital Resistance,Ukraine Support Content,3/27/22
964287,laser-lab.com.ua,Office of the Prosecutor General,Ukraine,Digital Resistance,Site Hijack,6/24/22
975110,mamochkayahochudomoy.com,Office of the Prosecutor General,Ukraine,Digital Resistance,Counter-propaganda,3/10/22
986279,tagilwood.ru,Office of the Prosecutor General,Russia,Digital Resistance,Site Hijack,3/27/22
1005375,papapover.com,Office of the Prosecutor General,Ukraine,Digital Resistance,Appeals,3/9/22
1006472,hram-aleksiy.ru,Office of the Prosecutor General,Russia,Digital Resistance,Site Hijack,3/27/22
1025607,gradsky.com,Office of the Prosecutor General,Ukraine,Digital Resistance,Blog,3/25/22
1070040,pravda-voiny.com,Office of the Prosecutor General,Ukraine,Digital Resistance,Counter-propaganda,3/9/22
1118704,hr-bo.ru,Office of the Prosecutor General,Ukraine,Digital Resistance,Fundraising,4/22/22
1135408,ieshua.org,Office of the Prosecutor General,Ukraine,Digital Resistance,Ukraine Support Content,7/7/22
1216161,cafe-tandyr.ru,Office of the Prosecutor General,Ukraine,Digital Resistance,Site Hijack,2/4/22
1226260,jinn-tabac.ru,Office of the Prosecutor General,Russia,Digital Resistance,Site Hijack,3/4/22
1231440,beriedu.ru,Office of the Prosecutor General,Russia,Digital Resistance,Site Hijack,3/27/22
1233531,dengiplatezhi.com,Office of the Prosecutor General,Russia,Digital Resistance,Counter-propaganda,4/15/22
1297573,affiliateconf.com.ua,Office of the Prosecutor General,Ukraine,Digital Resistance,Site Hijack,6/23/22
1301974,opinion-ru.com,Office of the Prosecutor General,Ukraine,Digital Resistance,Counter-propaganda,5/15/22
1314655,zodiak-nk.ru,Office of the Prosecutor General,Russia,Digital Resistance,Site Hijack,2/4/22
1319422,legotown.ru,Office of the Prosecutor General,Russia,Digital Resistance,Site Hijack,3/27/22
1421588,charivnitsya.com.ua,Office of the Prosecutor General,Ukraine,Digital Resistance,Site Hijack,6/23/22
1488482,t-invariant.org,Office of the Prosecutor General,Russia,Digital Resistance,Critical Content,4/26/22
1603767,patriotmoto.com.ua,Office of the Prosecutor General,Ukraine,Digital Resistance,Site Hijack,4/19/22
1645709,russianslook.com,Office of the Prosecutor General,Ukraine,Digital Resistance,Counter-propaganda,3/9/22
1663298,truerussia.org,Office of the Prosecutor General,Russia,Digital Resistance,Russian Dissidents,5/24/22
1729585,navs.com.ua,Office of the Prosecutor General,Ukraine,Digital Resistance,Site Hijack,6/24/22
1737425,corehosting.com.ua,Office of the Prosecutor General,Ukraine,Digital Resistance,Site Hijack,6/23/22
1936874,consul24.ru,Office of the Prosecutor General,Russia,Digital Resistance,Site Hijack,5/19/22
2495495,okrussians.org,Office of the Prosecutor General,Ukraine,Digital Resistance,Research,4/19/22
2798548,gastrotravel.club,Office of the Prosecutor General,Ukraine,Digital Resistance,Ukraine Support Content,5/6/22
3194477,freerussiainstitute.org,Office of the Prosecutor General,Latvia,Digital Resistance,Russian Dissidents,7/24/22
4360785,helpukrainewin.org,Office of the Prosecutor General,Ukraine,Digital Resistance,Fundraising,4/4/22
4447739,idel-ural.org,Office of the Prosecutor General,Unknown,Digital Resistance,Activism,3/6/22
5578550,arsmagica.org,Office of the Prosecutor General,Russia,Digital Resistance,Critical Content,4/25/22
-1,create.vista.com,Office of the Prosecutor General,Cyprus,Digital Resistance,Ukraine Support Content,7/6/22
-1,sinoptik.com.ru,Office of the Prosecutor General,Ukraine,Digital Resistance,Counter-propaganda,4/24/22
-1,sovet.kidstaff.com.ua,Office of the Prosecutor General,Ukraine,Digital Resistance,Critical Content,6/27/22
-1,lady.tochka.net,Office of the Prosecutor General,Ukraine,Digital Resistance,Ukraine Support Content,3/13/22
-1,ru.wix.com,Office of the Prosecutor General,Israel,Digital Resistance,Ukraine Support Content,5/25/22
-1,ru.viptalisman.com,Office of the Prosecutor General,Russia,Digital Resistance,Critical Content,3/25/22
-1,uk.telegram-politics.com,Office of the Prosecutor General,United States,Digital Resistance,Critical Content,7/27/22
-1,gruz200.zzz.com.ua,Office of the Prosecutor General,Ukraine,Digital Resistance,Counter-propaganda,6/24/22
-1,ru.traveltables.com,Office of the Prosecutor General,United Kingdom,Digital Resistance,Ukraine Support Content,5/15/22
-1,mail.proton.me,Office of the Prosecutor General,Switzerland,Digital Resistance,Anti-censorship tools,7/28/22
-1,zpua.com.ua,Office of the Prosecutor General,Ukraine,Digital Resistance,Site Hijack,4/27/22
-1,forum.voynaplemyon.com,Office of the Prosecutor General,Germany,Digital Resistance,Ukraine Support Content,5/16/22
-1,ipo-ipp.com.ua,Office of the Prosecutor General,Ukraine,Digital Resistance,Site Hijack,4/24/22
-1,how-to-help-ukraine-now.super.site,Office of the Prosecutor General,Ukraine,Digital Resistance,Fundraising,4/30/22
-1,lenskiy.org,Office of the Prosecutor General,Ukraine,Digital Resistance,Critical Content,3/27/22
-1,callrussia.org,Office of the Prosecutor General,Lithuania,Digital Resistance,Appeals,4/20/22
-1,vashprivatbank.com.ua,Office of the Prosecutor General,Ukraine,Digital Resistance,Site Hijack,4/20/22
-1,ukrainewar.carrd.co,Office of the Prosecutor General,Ukraine,Digital Resistance,Fundraising,4/20/22
-1,uk.telegram-store.com,Office of the Prosecutor General,United States,Digital Resistance,Critical Content,7/27/22
-1,i.lekciya.com.ua,Office of the Prosecutor General,Ukraine,Digital Resistance,Site Hijack,5/27/22
-1,mail.1920.in,Office of the Prosecutor General,Unknown,Digital Resistance,Appeals,10/6/22
-1,mail2ru.org,Office of the Prosecutor General,Ukraine,Digital Resistance,Appeals,5/13/22
-1,putinavotstavku.org,Office of the Prosecutor General,Russia,Digital Resistance,Appeals,3/27/22
-1,lustrator.in.ua,Office of the Prosecutor General,Ukraine,Digital Resistance,Site Hijack,3/27/22
-1,uahelp.monobank.ua,Office of the Prosecutor General,Ukraine,Digital Resistance,Fundraising,3/11/22
-1,lavkazhivosvet.com.ua,Office of the Prosecutor General,Ukraine,Digital Resistance,Site Hijack,4/20/22
-1,vipzal.com.ua,Office of the Prosecutor General,Ukraine,Digital Resistance,Site Hijack,4/20/22
-1,colorservise.com.ua,Office of the Prosecutor General,Ukraine,Digital Resistance,Site Hijack,4/19/22
-1,h.lekciya.com.ua,Office of the Prosecutor General,Ukraine,Digital Resistance,Site Hijack,6/24/22
-1,greenky-man.itch.io,Office of the Prosecutor General,Unknown,Digital Resistance,Critical content,3/27/22
-1,partisan.super.site,Office of the Prosecutor General,Russia,Digital Resistance,Activism,4/27/22
-1,20220412073119.d41d8c.site,Office of the Prosecutor General,Ukraine,Digital Resistance,Counter-propaganda,4/17/22
-1,20220412132208.d41d8c.site,Office of the Prosecutor General,Ukraine,Digital Resistance,Counter-propaganda,4/17/22
-1,artcoffeeuu.ru,Office of the Prosecutor General,Russia,Digital Resistance,Site Hijack,3/27/22
-1,cssam.ru,Office of the Prosecutor General,Ukraine,Digital Resistance,Site Hijack,2/4/22
-1,drou.org,Office of the Prosecutor General,Russia,Digital Resistance,Counter-propaganda,3/8/22
-1,nowar1.org,Office of the Prosecutor General,Russia,Digital Resistance,Counter-propaganda,7/4/22
-1,nowar2.org,Office of the Prosecutor General,Russia,Digital Resistance,Counter-propaganda,3/31/22
-1,nurnberg2022.org,Office of the Prosecutor General,Ukraine,Digital Resistance,Counter-propaganda,3/2/22
-1,powukraine.org,Office of the Prosecutor General,Ukraine,Digital Resistance,Counter-propaganda,3/3/22
-1,russia-attacked-ukraine.hostiq.ua,Office of the Prosecutor General,Ukraine,Digital Resistance,Counter-propaganda,3/10/22
-1,russians.gruz200.hospital,Office of the Prosecutor General,Russia,Digital Resistance,Counter-propaganda,4/27/22
-1,russkiyship.info,Office of the Prosecutor General,Ukraine,Digital Resistance,Counter-propaganda,3/10/22
-1,wakeuprussia.onrender.com,Office of the Prosecutor General,Russia,Digital Resistance,Counter-propaganda,3/27/22
-1,gofundme.com/f/navalny-team,Office of the Prosecutor General,United States,Digital Resistance,Fundraising,4/29/22
-1,ukrarmy.org,Office of the Prosecutor General,Ukraine,Digital Resistance,Fundraising,3/21/22
-1,saverussia.org,Office of the Prosecutor General,Russia,Digital Resistance,Russian Dissidents,3/2/22
-1,vinovaty.org,Office of the Prosecutor General,Unknown,Digital Resistance,Russian Dissidents,3/10/22
-1,autodaily.com.ua,Office of the Prosecutor General,Ukraine,Digital Resistance,Site Hijack,4/19/22
-1,cafe.join-tech.ru,Office of the Prosecutor General,Russia,Digital Resistance,Site Hijack,2/4/22
-1,fedorovskoesp.ru,Office of the Prosecutor General,Russia,Digital Resistance,Site Hijack,4/19/22
-1,gentooblog.pp.ua,Office of the Prosecutor General,Ukraine,Digital Resistance,Site Hijack,4/20/22
-1,geo.ocvita.com.ua,Office of the Prosecutor General,Ukraine,Digital Resistance,Site Hijack,4/20/22
-1,happywalkshoes.com.ua,Office of the Prosecutor General,Ukraine,Digital Resistance,Site Hijack,4/19/22
-1,icon.pp.ua,Office of the Prosecutor General,Ukraine,Digital Resistance,Site Hijack,4/20/22
-1,innachemk.com.ua,Office of the Prosecutor General,Ukraine,Digital Resistance,Site Hijack,4/20/22
-1,ivankiv.com.ua,Office of the Prosecutor General,Ukraine,Digital Resistance,Site Hijack,4/20/22
-1,klasik.com.ua,Office of the Prosecutor General,Ukraine,Digital Resistance,Site Hijack,4/20/22
-1,lampa.pp.ua,Office of the Prosecutor General,Ukraine,Digital Resistance,Site Hijack,4/20/22
-1,laymonbur.ru,Office of the Prosecutor General,Russia,Digital Resistance,Site Hijack,3/27/22
-1,leverup.com.ua,Office of the Prosecutor General,Ukraine,Digital Resistance,Site Hijack,4/19/22
-1,linuxmoto.ru,Office of the Prosecutor General,Russia,Digital Resistance,Site Hijack,4/20/22
-1,mifion.pp.ua,Office of the Prosecutor General,Ukraine,Digital Resistance,Site Hijack,4/20/22
-1,misterblister.kiev.ua,Office of the Prosecutor General,Ukraine,Digital Resistance,Site Hijack,4/20/22
-1,oldtanks-source.pp.ua,Office of the Prosecutor General,Ukraine,Digital Resistance,Site Hijack,4/20/22
-1,ovpoetov.ru,Office of the Prosecutor General,Russia,Digital Resistance,Site Hijack,3/27/22
-1,polombardam.com.ua,Office of the Prosecutor General,Ukraine,Digital Resistance,Site Hijack,4/19/22
-1,poltavaopt.in.ua,Office of the Prosecutor General,Ukraine,Digital Resistance,Site Hijack,4/19/22
-1,pomnim.com.ua,Office of the Prosecutor General,Ukraine,Digital Resistance,Site Hijack,4/19/22
-1,processing.pp.ua,Office of the Prosecutor General,Ukraine,Digital Resistance,Site Hijack,4/19/22
-1,tkbutovo.ru,Office of the Prosecutor General,Russia,Digital Resistance,Site Hijack,3/27/22
-1,tomsha.pp.ua,Office of the Prosecutor General,Ukraine,Digital Resistance,Site Hijack,4/20/22
-1,torumural.ru,Office of the Prosecutor General,Russia,Digital Resistance,Site Hijack,3/27/22
-1,vinogradovfest.ru,Office of the Prosecutor General,Russia,Digital Resistance,Site Hijack,4/20/22
-1,vis-snab.ru,Office of the Prosecutor General,Russia,Digital Resistance,Site Hijack,3/27/22
-1,support-ukraine-now.webflow.io,Office of the Prosecutor General,Ukraine,Digital Resistance,Ukraine Support Content,4/4/22
-1,deny.joinposter.com,Office of the Prosecutor General,Ukraine,Digital Resistance,Ukraine Support Content,5/31/22
-1,klientiks.com.ua,Office of the Prosecutor General,Ukraine,Digital Resistance,Site Hijack,5/27/22
-1,mediapartisans.org,Office of the Prosecutor General,Russia,Digital Resistance,Counter-propaganda,5/29/22
-1,podcasts.6262.com.ua,Office of the Prosecutor General,Ukraine,Digital Resistance,Ukraine Support Content,5/30/22
-1,russian.invasion.cz,Office of the Prosecutor General,Czechia,Digital Resistance,Counter-propaganda,5/27/22
-1,russkiykorabl.pp.ua,Office of the Prosecutor General,Ukraine,Digital Resistance,Counter-propaganda,5/27/22
-1,warlive.me,Office of the Prosecutor General,Ukraine,Digital Resistance,Counter-propaganda,5/30/22
-1,fedrezerv-cbr.org,Office of the Prosecutor General,Russia,Digital Resistance,Counter-propaganda,6/15/22
-1,developers.amocrm.com.ua,Office of the Prosecutor General,Ukraine,Digital Resistance,Site Hijack,6/23/22
-1,lp.nebho.com.ua,Office of the Prosecutor General,Ukraine,Digital Resistance,Site Hijack,6/24/22
-1,deshevshe.promocode.kiev.ua,Office of the Prosecutor General,Ukraine,Digital Resistance,Site Hijack,6/23/22
-1,forest.pp.ua,Office of the Prosecutor General,Ukraine,Digital Resistance,Site Hijack,6/23/22
-1,forvk.pp.ua,Office of the Prosecutor General,Ukraine,Digital Resistance,Site Hijack,6/23/22
-1,biodar.kiev.ua,Office of the Prosecutor General,Ukraine,Digital Resistance,Site Hijack,6/23/22
-1,bezhanov.pp.ua,Office of the Prosecutor General,Ukraine,Digital Resistance,Site Hijack,6/23/22
-1,buy.all4css.pp.ua,Office of the Prosecutor General,Ukraine,Digital Resistance,Site Hijack,6/23/22
-1,dnevnik.teleschool.com.ua,Office of the Prosecutor General,Ukraine,Digital Resistance,Site Hijack,6/23/22
-1,luna.colorservice.com.ua,Office of the Prosecutor General,Ukraine,Digital Resistance,Site Hijack,6/24/22
-1,novotell.com.ua,Office of the Prosecutor General,Ukraine,Digital Resistance,Site Hijack,6/24/22
-1,5-11.com.ua,Office of the Prosecutor General,Ukraine,Digital Resistance,Site Hijack,6/23/22
-1,accumauto.com.ua,Office of the Prosecutor General,Ukraine,Digital Resistance,Site Hijack,6/23/22
-1,akwk.lwokemvu.pp.ua,Office of the Prosecutor General,Ukraine,Digital Resistance,Site Hijack,6/23/22
-1,allforshrimp.com.ua,Office of the Prosecutor General,Ukraine,Digital Resistance,Site Hijack,6/23/22
-1,b3.com.ua,Office of the Prosecutor General,Ukraine,Digital Resistance,Site Hijack,6/23/22
-1,blog.beganov.pp.ua,Office of the Prosecutor General,Ukraine,Digital Resistance,Site Hijack,6/23/22
-1,bmw-group.com.ua,Office of the Prosecutor General,Ukraine,Digital Resistance,Site Hijack,6/23/22
-1,brandshop.in.ua,Office of the Prosecutor General,Ukraine,Digital Resistance,Site Hijack,6/23/22
-1,clouddistro.com.ua,Office of the Prosecutor General,Ukraine,Digital Resistance,Site Hijack,6/23/22
-1,forkliftservice24.com.ua,Office of the Prosecutor General,Ukraine,Digital Resistance,Site Hijack,6/23/22
-1,fotoservis.com.ua,Office of the Prosecutor General,Ukraine,Digital Resistance,Site Hijack,6/23/22
-1,fsb.pp.ua,Office of the Prosecutor General,Ukraine,Digital Resistance,Site Hijack,6/23/22
-1,gersaqsfl.pp.ua,Office of the Prosecutor General,Ukraine,Digital Resistance,Site Hijack,6/24/22
-1,grantbeton.com.ua,Office of the Prosecutor General,Ukraine,Digital Resistance,Site Hijack,6/24/22
-1,hphprpwqaq.pp.ua,Office of the Prosecutor General,Ukraine,Digital Resistance,Site Hijack,6/24/22
-1,innok.pp.ua,Office of the Prosecutor General,Ukraine,Digital Resistance,Site Hijack,6/24/22
-1,live-blogger.fash-mark.com.ua,Office of the Prosecutor General,Ukraine,Digital Resistance,Site Hijack,6/24/22
-1,lobodinov.pp.ua,Office of the Prosecutor General,Ukraine,Digital Resistance,Site Hijack,6/24/22
-1,narodtextile.pp.ua,Office of the Prosecutor General,Ukraine,Digital Resistance,Site Hijack,6/24/22
-1,novatic.com.ua,Office of the Prosecutor General,Ukraine,Digital Resistance,Site Hijack,6/24/22
-1,openly.com.ua,Office of the Prosecutor General,Ukraine,Digital Resistance,Site Hijack,6/24/22
-1,orwakukraine.com.ua,Office of the Prosecutor General,Ukraine,Digital Resistance,Site Hijack,6/24/22
-1,out.vev.pp.ua,Office of the Prosecutor General,Ukraine,Digital Resistance,Site Hijack,6/24/22
-1,pak.pp.ua,Office of the Prosecutor General,Ukraine,Digital Resistance,Site Hijack,6/24/22
-1,parfum1.pp.ua,Office of the Prosecutor General,Ukraine,Digital Resistance,Site Hijack,6/24/22
-1,parniki.salepro.in.ua,Office of the Prosecutor General,Ukraine,Digital Resistance,Site Hijack,6/24/22
-1,planetacomp.com.ua,Office of the Prosecutor General,Ukraine,Digital Resistance,Site Hijack,6/24/22
-1,postman.pp.ua,Office of the Prosecutor General,Ukraine,Digital Resistance,Site Hijack,6/24/22
-1,qyan.wubfuho.pp.ua,Office of the Prosecutor General,Ukraine,Digital Resistance,Site Hijack,6/23/22
-1,woomboom.com.ua,Office of the Prosecutor General,Ukraine,Digital Resistance,Site Hijack,6/23/22
-1,freeburyatia.org,Office of the Prosecutor General,United States,Digital Resistance,Russian Dissidents,7/13/22
